{"cameraMode":{"drawMode":0,"name":"Shaded","section":"Shading Mode"},"sceneLighting":false,"audioPlay":false,"sceneViewState":{"m_AlwaysRefresh":false,"showFog":true,"showSkybox":false,"showFlares":true,"showImageEffects":true,"showParticleSystems":true,"showVisualEffectGraphs":true,"m_FxEnabled":true},"in2DMode":false,"pivot":{"x":-17.19231414794922,"y":-3.658069610595703,"z":7.805187702178955},"rotation":{"x":0.0009230887517333031,"y":-0.9990692734718323,"z":0.02848118543624878,"w":0.032379452139139178},"size":3.105712652206421,"orthographic":true}