{"cameraMode":{"drawMode":0,"name":"Shaded","section":"Shading Mode"},"sceneLighting":false,"audioPlay":false,"sceneViewState":{"m_AlwaysRefresh":false,"showFog":true,"showSkybox":false,"showFlares":true,"showImageEffects":true,"showParticleSystems":true,"showVisualEffectGraphs":true,"m_FxEnabled":true},"in2DMode":false,"pivot":{"x":-0.23043568432331086,"y":0.03680431842803955,"z":0.11858701705932617},"rotation":{"x":-0.12603537738323213,"y":-0.7336857914924622,"z":0.14171837270259858,"w":-0.6524946093559265},"size":1.105667233467102,"orthographic":false}